# x_1,x_2,Class_label
3.02069335e-01,-5.47271075e-01,1
-7.97394677e-01,-7.24008214e-01,0
-9.32977677e-01,1.35196034e-01,0
6.39707579e-01,-2.61619713e-01,1
1.95793221e-01,1.07224400e+00,0
2.90334767e-01,-9.58409692e-01,0
-8.12430315e-02,-4.75640582e-01,1
7.14973504e-01,5.97613890e-01,0
-4.55211717e-01,-3.27621259e-01,1
2.65477903e-01,1.00452951e+00,0
6.20399020e-01,-1.38474161e-01,1
1.13489186e-01,-7.03839929e-01,1
2.31229564e-03,-9.37650560e-01,0
-9.81022526e-01,-5.89775730e-02,0
8.08111336e-01,6.39140332e-01,0
9.61970014e-01,6.14524016e-01,0
-5.99112106e-01,-3.00906923e-01,1
-5.09099292e-01,-8.73499919e-01,0
5.62791616e-01,6.79082149e-01,0
-9.07896967e-01,1.77263036e-01,0
-5.42731740e-03,-6.46815510e-01,1
-2.62114359e-01,1.28291340e+00,0
-9.64832841e-04,1.21191781e+00,0
-5.03985360e-01,2.23137067e-01,1
7.35833197e-02,-1.11555425e+00,0
1.73553333e-01,-7.69500637e-01,1
-4.92365632e-01,-4.26634255e-01,1
-4.53272737e-01,4.68991935e-01,1
-5.69886039e-01,6.75737563e-01,0
7.73028766e-01,6.53314097e-01,0
-1.00285381e+00,-4.06940337e-01,0
-3.28245925e-01,-6.01680528e-01,1
8.61875581e-01,1.95066722e-01,0
-2.40208688e-01,1.03693131e+00,0
2.73168717e-01,-9.47760209e-01,0
6.61050914e-01,-7.23286390e-01,0
-6.24844427e-01,1.15751261e-03,1
-8.73050309e-01,6.47522964e-01,0
-1.55133683e-01,-9.34731491e-01,0
-9.31967028e-01,5.76498200e-01,0
5.44671737e-01,-3.36686576e-01,1
-7.25262612e-01,7.15962014e-01,0
-1.81892205e-01,-7.10039496e-01,1
-3.54580777e-01,1.72148535e-01,1
-5.59411247e-01,2.69185259e-01,1
-3.62864558e-01,4.54700802e-01,1
-1.69118797e-01,1.04362962e+00,0
-2.18133296e-01,9.43542495e-01,0
-5.35003272e-01,8.43558433e-01,0
-4.45114703e-01,5.03060271e-01,1
-5.26180800e-02,9.52391612e-01,0
5.12104795e-01,-1.87449090e-01,1
-7.18288081e-01,6.56061157e-02,1
4.73892905e-01,-2.76028174e-01,1
6.72593187e-01,7.96713102e-01,0
4.48047900e-01,2.40122668e-01,1
5.65381457e-01,-8.62685822e-01,0
3.54273890e-01,-1.10798182e+00,0
-5.02408505e-01,9.48282143e-01,0
8.55465580e-01,-5.60114174e-01,0
8.53254198e-01,-3.94408835e-01,0
7.48401594e-01,6.69666200e-01,0
-2.26206472e-01,5.17204354e-01,1
-1.08599236e+00,-1.65411777e-01,0
-5.03425226e-01,-2.58565090e-01,1
1.00809415e+00,2.34147550e-01,0
1.04395439e+00,-4.76035889e-01,0
6.90284442e-01,-4.43263448e-02,1
6.91836858e-01,8.80800908e-01,0
9.18100703e-01,-2.73414393e-01,0
-1.94373520e-01,-1.14414447e+00,0
-9.72913725e-01,1.87130681e-01,0
4.64301905e-01,-8.70345662e-01,0
4.12170650e-01,-2.56539952e-01,1
6.58663190e-01,-6.60483077e-01,0
-1.11606969e-01,-6.47331429e-01,1
-2.47853187e-01,-5.67639635e-01,1
5.47843895e-01,-9.48961339e-01,0
-6.72007106e-01,6.61173147e-01,0
6.17665282e-01,1.57885933e-01,1
1.08977840e+00,-2.23708941e-01,0
-1.28695993e-01,-1.02319891e+00,0
-8.92182231e-01,6.43897551e-01,0
7.85871937e-01,-4.19152524e-01,0
1.55959720e-01,-5.34920746e-01,1
-1.00429867e+00,-1.50728034e-01,0
6.19787566e-01,7.88632247e-01,0
-2.54270462e-01,-1.02962773e+00,0
6.49458097e-01,-1.92077767e-01,1
-5.35313222e-01,-5.09438661e-02,1
1.09754773e+00,2.09415360e-01,0
9.25333228e-01,8.59441568e-03,0
3.98372946e-01,3.95185766e-01,1
-5.92757990e-01,-2.92515574e-02,1
3.17612781e-01,5.78798599e-01,1
3.70081551e-01,-5.46227326e-01,1
-1.03803735e+00,-2.59705973e-01,0
-3.45896136e-01,9.97919359e-01,0
-6.50268678e-01,7.88540584e-01,0
-6.82462592e-01,4.64356015e-02,1
5.42480111e-01,-4.75809037e-01,1
4.75421889e-02,-6.73324309e-01,1
-3.67708192e-01,-2.41039991e-01,1
7.11315001e-01,-1.44003206e-01,1
-7.54043841e-01,-6.89039277e-01,0
-1.00179108e+00,1.90350133e-01,0
1.14834805e-01,6.60160677e-01,1
1.32011701e-01,-1.07652492e+00,0
-6.29864743e-01,9.02017809e-01,0
-9.20596492e-01,7.42416951e-01,0
-2.12087799e-01,4.32908627e-01,1
-8.83293808e-01,-3.26246071e-01,0
1.95975962e-01,-5.67180232e-01,1
-5.39890369e-01,-6.14749759e-02,1
-5.27608417e-01,-9.00740260e-02,1
5.94454755e-01,-7.01550294e-01,0
-1.17705252e+00,-3.34614550e-02,0
5.35552475e-01,4.06331546e-01,1
3.27661143e-01,2.52170816e-01,1
-3.61877126e-01,9.71800486e-01,0
6.01905665e-02,5.78245905e-01,1
-4.63930875e-01,4.34659861e-01,1
3.09243103e-01,-8.18924073e-01,1
8.29011177e-02,-7.04697495e-01,1
-9.29074702e-01,2.94315308e-01,0
-6.11344348e-01,3.86034172e-01,1
1.48642584e-01,-6.29855714e-01,1
7.40012562e-01,-5.70872633e-01,0
-7.98935033e-01,4.03518258e-02,1
-4.27028069e-01,4.56278191e-01,1
8.37908006e-01,-6.21383214e-01,0
6.85484381e-01,-3.61059575e-02,1
-9.23322439e-02,-6.77022542e-01,1
8.63044884e-01,3.76494916e-01,0
-1.63254432e-01,1.10426629e+00,0
-7.90709772e-01,7.61762776e-01,0
-3.53796578e-01,9.43196902e-01,0
-6.24123855e-01,6.46665016e-01,0
2.61534425e-01,-9.93299899e-01,0
6.08519482e-03,6.00381243e-01,1
4.15155963e-01,3.32873756e-01,1
7.57730737e-02,-6.24668433e-01,1
-1.01969196e+00,-3.94662922e-01,0
-7.67586905e-01,-4.71812454e-01,0
-2.23944557e-01,8.04566553e-01,0
7.88540142e-02,5.56721285e-01,1
-3.21980356e-01,6.37407579e-01,1
3.39423979e-01,4.47077272e-01,1
-1.06387952e+00,-2.92066136e-02,0
-9.77983069e-01,3.85038199e-02,0
2.87835816e-01,-6.51380664e-01,1
1.14420431e-02,3.98154316e-01,1
-8.33832115e-02,8.21396773e-01,1
-1.54035159e-01,-4.65576936e-01,1
5.83809069e-01,9.07935305e-02,1
-4.86012247e-01,8.62645952e-01,0
-8.74565326e-01,-6.42209296e-02,0
2.87781448e-01,-1.04743828e+00,0
-1.11016323e+00,-9.73850836e-02,0
-1.05474444e-01,4.73142601e-01,1
7.85970694e-01,5.15197614e-01,0
-1.93798607e-01,5.90104841e-01,1
-5.62571367e-01,-2.66188988e-01,1
8.94812475e-01,6.28755794e-01,0
-7.83903122e-01,6.25619320e-01,0
-6.06155468e-01,-9.13479288e-01,0
-6.07002015e-01,2.90866877e-01,1
-3.36318118e-01,-3.83937977e-01,1
2.97275592e-01,-9.38714205e-01,0
-4.12999221e-01,2.92370483e-01,1
2.27212099e-01,5.67446148e-01,1
1.01180606e+00,-3.52588145e-01,0
2.25910590e-01,-5.68205425e-01,1
-5.33812630e-01,-3.06230299e-02,1
3.41829887e-01,-7.36100614e-01,0
7.70782065e-01,-5.09781393e-01,0
-1.06697376e+00,-1.37070282e-01,0
6.95788677e-01,8.68495347e-01,0
7.72500051e-01,-5.66959847e-01,0
7.83339618e-01,9.72392127e-02,1
9.85490138e-01,3.24021027e-01,0
5.23883679e-01,1.01268219e+00,0
4.28339606e-01,3.69383228e-01,1
9.46130338e-01,4.33950544e-02,0
9.29423857e-01,3.55421764e-01,0
-6.15161827e-02,9.45156890e-01,0
1.52268705e-01,-5.90280101e-01,1
5.31714007e-01,-3.86609893e-01,1
-4.39144320e-01,4.46915906e-01,1
-8.56761993e-01,-3.42742279e-01,0
5.89479693e-01,-2.94680310e-01,1
2.73994215e-01,-7.75670375e-01,1
8.81558402e-01,-3.26068862e-01,0
3.91971741e-01,-3.93432632e-01,1
4.43348475e-01,1.02533016e+00,0
2.55105187e-01,-8.78965524e-01,0
5.86517319e-01,2.81553357e-01,1
-4.63406072e-01,-7.11261576e-01,0
8.64930034e-01,-3.64974047e-01,0
4.56518637e-01,-7.86571096e-01,0
-9.18834884e-01,1.84700841e-01,0
7.09129601e-02,-1.03033552e+00,0
4.64515024e-01,-4.55851821e-01,1
9.94736146e-01,1.87811420e-01,0
-7.76498310e-01,-2.46527591e-01,1
-4.90722669e-01,-3.29874305e-01,1
-2.11801694e-01,-9.38499919e-01,0
-9.88844998e-01,4.50941966e-01,0
3.06467330e-01,-4.84631356e-01,1
4.13562234e-01,-3.13896776e-01,1
6.03725019e-01,1.56064134e-01,1
7.42174231e-01,-8.47956250e-01,0
-3.11552898e-01,-6.77526302e-01,1
-1.23410835e-01,-6.61751479e-01,1
-9.24865482e-01,4.25963705e-01,0
-6.16608550e-01,-1.01442737e-01,1
5.09424178e-01,7.78380225e-01,0
-6.22199622e-01,9.36030422e-01,0
1.09984342e+00,-8.73485445e-02,0
-1.78763619e-01,1.09374117e+00,0
-4.43323352e-01,8.75336838e-01,0
4.23923768e-01,-4.42453499e-01,1
-3.52801267e-01,-4.70555972e-01,1
-3.81959938e-01,-8.81166851e-01,0
5.98760286e-01,7.79574637e-01,0
3.93515231e-01,-5.70924931e-01,1
3.88116671e-01,4.49303053e-01,1
-6.11182450e-01,-2.49982119e-01,1
-4.85716499e-01,6.74618482e-03,1
-8.02104327e-02,6.65898988e-01,1
-8.65485846e-01,-8.14656929e-02,0
1.16800740e-01,-5.67630786e-01,1
2.61953888e-01,3.91468376e-01,1
2.55966999e-01,-4.73775124e-01,1
4.83707365e-01,8.07937017e-01,0
3.14265004e-01,-5.73773570e-01,1
-1.53499731e-01,5.37583423e-01,1
-4.39367087e-01,3.29301188e-01,1
5.68862945e-02,8.21659803e-01,0
2.93336880e-01,-1.46634659e-01,1
3.31559282e-01,-1.14083850e+00,0
-5.20639502e-01,2.55528138e-01,1
-2.71694992e-01,-8.57123965e-01,0
-5.44652793e-01,-1.70054623e-01,1
8.90660092e-01,3.05590849e-01,0
-6.52284977e-01,7.07661288e-01,0
5.53888683e-01,8.90423768e-01,0
4.75748613e-01,6.34837773e-02,1
8.37502750e-02,6.69579413e-01,1
-1.52109402e-01,5.91399474e-01,1
3.90032910e-01,3.71188252e-01,1
6.41156788e-01,-1.62616265e-01,1
-8.69914357e-01,-3.72081715e-01,0
1.28371234e-01,-9.57465099e-01,0
8.62544685e-01,3.81237521e-01,0
-4.90760528e-01,-4.20533756e-01,1
5.81774238e-01,2.38072582e-01,1
5.70179896e-01,-8.00570119e-01,0
5.35772580e-01,9.16000921e-01,0
-5.30507920e-01,2.19174631e-03,1
5.31232769e-01,7.26927152e-01,0
2.03370267e-01,5.77759090e-01,1
-4.69405639e-01,-3.03308772e-01,1
-1.15556445e-01,-8.42671248e-01,0
-1.70499221e-01,-5.69043973e-01,1
-1.31013975e-01,1.12889995e+00,0
1.38277023e-01,8.95261860e-01,0
4.13605981e-01,6.74468021e-01,1
-2.97763873e-01,-1.03800358e+00,0
1.94381263e-01,5.18034938e-01,1
-2.22880420e-02,3.86209794e-01,1
-2.41997494e-01,-7.70896412e-01,1
1.06122702e+00,-2.12117267e-02,0
-3.92178196e-01,-5.43012715e-01,1
-5.66674865e-01,-8.24996752e-02,1
-7.37983343e-01,6.70029002e-01,0
-8.29767163e-01,5.90547756e-01,0
-6.31730369e-01,-1.68887960e-01,1
-5.64230610e-01,1.97467972e-01,1
-1.01801069e+00,-2.68888473e-01,0
-3.72118228e-01,1.99380287e-01,1
6.30589923e-01,-3.54467284e-01,1
-6.67431937e-01,-7.19568434e-01,0
-9.31566577e-01,-3.02749925e-01,0
-5.48570589e-01,-3.94163282e-01,1
-4.40649328e-01,9.94210022e-01,0
3.37921005e-01,4.33838835e-01,1
-1.09046588e-01,7.81446332e-01,1
1.62286658e-01,1.12908514e+00,0
-1.82916952e-01,-5.00746300e-01,1
7.13957383e-01,-6.13278160e-01,0
-1.26206224e-01,-5.87368701e-01,1
-1.13786376e+00,-1.18095726e-01,0
-6.41408997e-01,-9.77607652e-01,0
-8.54567542e-01,-2.96994258e-01,0
-2.24748560e-01,-6.69305132e-01,1
5.94431770e-01,5.00133177e-01,1
9.17647482e-02,8.09589915e-01,0
-9.11798043e-01,-5.91846802e-01,0
-4.21089663e-01,-8.91041380e-01,0
-7.71043414e-01,3.41177401e-01,0
-6.27538940e-01,-1.83513446e-01,1
1.06169563e-02,-4.57648949e-01,1
-3.58781095e-02,1.04684459e+00,0
-9.83897028e-01,-1.14498721e-01,0
5.14070777e-01,-9.65635854e-01,0
6.13289157e-01,1.96590229e-01,1
-3.95500388e-01,-4.88509587e-01,1
-3.70671159e-01,7.54100912e-01,0
-5.50439163e-01,3.93712763e-01,1
2.79620862e-01,5.35064261e-01,1
-6.48199889e-01,-7.92342746e-01,0
-4.76055671e-01,-1.99883869e-01,1
4.81690392e-01,1.71265943e-01,1
6.68716552e-01,6.80443206e-01,0
-4.26376776e-01,-8.54511325e-01,0
-8.70512298e-02,-1.04743003e+00,0
-1.11141058e-01,9.66757793e-01,0
-5.69105945e-01,-2.61353650e-01,1
3.04725622e-01,5.72433644e-01,1
-8.99292522e-02,6.73205518e-01,1
4.76130123e-01,1.13025655e-01,1
-3.45431370e-01,-5.90898822e-01,1
3.19959663e-01,-4.87462021e-01,1
-1.55491615e-01,5.10424848e-01,1
-7.66198256e-01,8.26318175e-01,0
-1.94667612e-01,-6.62225758e-01,1
3.96502153e-01,2.78448888e-01,1
-2.39886006e-01,-3.81409708e-01,1
3.72269251e-01,-9.09751420e-01,0
-9.12618955e-01,7.03445585e-01,0
-7.04974557e-01,1.14812151e-01,1
-8.55369498e-01,6.53422277e-01,0
8.65414982e-01,4.58595614e-01,0
8.87456148e-01,-3.60528309e-02,0
-4.38685956e-01,-6.25972039e-01,0
-6.74551192e-01,3.47981232e-01,1
-8.13586857e-02,7.45250788e-01,1
-5.67026094e-01,9.39371975e-01,0
1.52839055e-01,-7.22027852e-01,1
2.18112344e-01,-5.06938566e-01,1
-6.05030409e-01,-5.66920006e-01,0
3.98491483e-01,3.72312637e-01,1
-1.80897453e-01,6.17190204e-01,1
6.18806204e-01,-7.03837236e-02,1
7.08606571e-02,7.84670940e-01,1
1.00104088e+00,-5.04136227e-01,0
3.70131040e-01,-5.62573661e-01,1
-7.70070001e-01,-7.50764771e-01,0
2.42871872e-01,-5.34923535e-01,1
9.77256310e-01,-2.71597769e-01,0
9.36779141e-01,-4.47121777e-01,0
4.37521248e-01,-2.96337855e-01,1
-1.67130550e-01,-5.03883503e-01,1
3.98292246e-01,-9.00050058e-01,0
-1.10348725e+00,5.07643285e-01,0
-2.93753327e-01,-8.02848206e-01,0
1.02177030e+00,1.13600764e-01,0
8.57262067e-01,2.58530680e-01,0
1.00099289e+00,2.93438383e-02,0
-3.89136670e-01,-8.03889026e-01,0
8.36355345e-01,3.90383422e-01,0
7.00079144e-01,5.73383247e-01,0
7.83851751e-01,-4.63591761e-03,1
-3.47778755e-01,4.36790980e-01,1
-2.16675650e-01,-9.17924084e-01,0
8.76575227e-01,6.92833265e-01,0
2.23187788e-01,-1.11529784e+00,0
5.69747276e-01,6.66014317e-01,0
-2.75603947e-01,-6.09652817e-01,1
-7.94895357e-03,7.05761849e-01,1
5.33968715e-01,-1.58542937e-01,1
3.22372162e-01,-4.87624422e-01,1
-7.76724121e-01,4.17391461e-01,0
7.05953530e-01,-7.83004461e-01,0
3.35234312e-01,-5.65592041e-01,1
-1.17577755e-01,6.82278161e-01,1
-6.36047752e-01,6.80759697e-01,0
-6.71184429e-01,6.91068471e-01,0
9.41126618e-01,-7.78929126e-02,0
-2.30594706e-01,-4.62332342e-01,1
3.85066935e-01,1.00709417e+00,0
4.98221608e-01,9.04093004e-01,0
-1.33958690e-01,-5.82650489e-01,1
-5.77239335e-01,-1.81114118e-03,1
-5.97437737e-01,8.01198750e-01,0
-9.20734336e-01,-3.85388701e-01,0
-8.48923486e-01,-6.77996365e-01,0
1.85757626e-01,-9.53262225e-01,0
9.13358401e-01,2.65397281e-01,0
-3.26165232e-01,-6.22577932e-01,1
3.07641199e-01,5.89037407e-01,1
-4.48645594e-02,6.27125481e-01,1
-6.86308337e-02,9.39871026e-01,0
-5.12892900e-01,2.44503377e-01,1
-5.11133858e-01,1.31944309e-01,1
-8.27016349e-01,-5.27196868e-01,0
6.76693470e-01,2.05977247e-02,1
2.65581810e-01,5.57565569e-01,1
-8.17317415e-01,5.52490666e-01,0
-8.81609633e-01,3.45864683e-01,0
-3.42893231e-01,-4.26364958e-01,1
4.34516836e-01,-4.79599760e-01,1
-6.48429153e-01,-4.07373353e-03,1
5.18098823e-01,3.27736838e-01,1
-8.95373547e-01,-3.52755506e-01,0
-8.91611347e-01,-6.09803054e-01,0
4.15263431e-01,2.64952884e-01,1
-4.81411312e-01,-4.80180653e-01,1
8.80987106e-01,-1.18770059e-01,0
-6.72500352e-01,1.30834560e-01,1
4.17164483e-01,-9.53396089e-01,0
-3.99815721e-01,-7.82190109e-01,0
6.00514274e-01,3.35319712e-02,1
9.50643058e-01,3.74249799e-01,0
4.20183651e-01,8.20308295e-01,0
-3.67950928e-01,-5.84746306e-01,1
-4.86274774e-01,-4.21776576e-01,1
5.93074375e-01,3.17596788e-01,1
8.47445774e-01,6.73532904e-02,0
-2.78516626e-02,4.41057677e-01,1
9.04336513e-01,4.63234772e-01,0
9.93865006e-01,-3.98633890e-01,0
-2.01629898e-01,-7.47723859e-01,1
-4.93804448e-01,-1.06223346e-01,1
5.64570304e-02,4.95480875e-01,1
8.91159587e-01,3.34313829e-01,0
-4.97651631e-01,1.10373211e-01,1
7.00723439e-02,3.88809573e-01,1
5.25022808e-01,-2.99439296e-03,1
-4.81289296e-02,-8.26282772e-01,0
-5.09298028e-01,-1.63617094e-01,1
-8.82187784e-01,6.52705362e-01,0
-1.08899755e+00,4.21706352e-01,0
-2.08646427e-01,-9.80026752e-01,0
4.91393347e-01,-6.34763303e-01,1
4.75997188e-01,-7.52794972e-02,1
-7.15589215e-01,-1.39241904e-02,1
-9.56991543e-01,3.88094815e-01,0
-3.48641013e-01,-3.94376125e-01,1
-1.96467686e-01,-8.22508857e-01,0
-6.39799994e-01,-3.38187816e-01,1
-5.92706867e-02,-9.81658319e-01,0
-1.00460042e+00,2.48816527e-02,0
-1.45144517e-01,-1.06724696e+00,0
9.13402253e-03,1.05885750e+00,0
5.51750154e-01,8.46751098e-01,0
7.91219942e-02,6.16726730e-01,1
9.90597584e-01,4.84199317e-02,0
-6.68799221e-01,8.65486809e-01,0
-4.57080618e-01,4.88540158e-01,1
-7.34587000e-01,5.35348893e-01,0
-7.63498342e-01,-9.18413393e-03,1
-5.20782423e-01,2.55034166e-01,1
3.61615401e-01,-4.65352716e-01,1
3.32240394e-01,-5.81493589e-01,1
6.59509716e-04,-6.15524460e-01,1
-1.19187837e-01,5.10756686e-01,1
-5.67907929e-01,7.43105273e-01,0
5.07755755e-01,1.01325749e-01,1
-5.64726855e-01,1.57518760e-01,1
-5.39520701e-01,-4.58108064e-01,1
5.05453664e-01,1.25131677e-01,1
4.47483690e-01,-9.50861717e-01,0
1.10112843e+00,3.87046341e-01,0
5.64608688e-01,-2.28392173e-01,1
-5.24702931e-01,-8.77784248e-01,0
-8.99773197e-01,1.55766484e-01,0
-2.94299126e-01,-1.05407539e+00,0
8.30030261e-01,2.62203608e-01,0
-3.33367440e-01,-3.70374312e-01,1
4.62416608e-01,-3.37482705e-01,1
1.66459515e-01,-4.23850909e-01,1
9.41995948e-02,-9.77185185e-01,0
2.26042569e-01,-1.01443821e+00,0
1.07402225e+00,-1.64969938e-01,0
5.26653364e-02,-6.37928862e-01,1
-1.04269096e+00,-3.16682019e-01,0
-5.68892243e-01,7.68049315e-01,0
-1.06157322e+00,-3.00651097e-01,0
2.25995373e-01,4.22894804e-01,1
4.57802455e-01,-3.76554154e-01,1
-1.52180874e-01,5.38843801e-01,1
5.18493522e-01,7.82459556e-01,0
-4.31719972e-01,-8.97521252e-01,0
-8.42564472e-01,3.38003640e-01,0
-1.88871969e-01,5.00357813e-01,1
-1.39134358e-02,1.01616815e+00,0
6.39701199e-01,-7.45388230e-01,0
-4.35253841e-01,4.04138094e-01,1
-4.04251548e-01,4.63086280e-01,1
-3.40491724e-01,-2.69096831e-01,1
2.72192282e-01,5.05783865e-01,1
-3.99153093e-01,-5.03757405e-01,1
6.93843401e-01,-8.05091731e-01,0
-2.99285117e-01,1.00800719e+00,0
-7.15225826e-01,-4.38668267e-02,1
-1.98409882e-01,6.87408219e-01,1
1.05696835e+00,-2.18308685e-01,0
6.86262001e-01,7.08400613e-01,0
6.01007253e-01,-2.44283286e-02,1
8.89521611e-01,-6.14386540e-03,0
4.75646918e-01,3.52510243e-01,1
-3.33952246e-01,4.12390353e-01,1
-5.63193927e-01,-3.92243662e-01,1
-9.16029809e-01,-7.16659445e-01,0
-2.29539674e-01,-5.35979547e-01,1
-6.65553404e-01,-6.54966879e-01,0
-5.23845092e-01,4.36241172e-01,1
9.46112952e-01,-4.73242403e-01,0
-1.08438238e+00,3.37875021e-01,0
-4.98377027e-01,-8.81062034e-01,0
-6.27562407e-01,-7.99326299e-01,0
-8.24244717e-01,2.96136425e-01,0
-4.14238697e-01,4.23235308e-01,1
5.61994994e-01,5.38225894e-02,1
5.74821896e-01,4.27976771e-01,1
6.85949663e-01,6.25967477e-01,0
4.68326706e-01,8.59649052e-01,0
-2.61483693e-01,-9.44443894e-01,0
-2.12751137e-01,4.50411169e-01,1
-8.81758395e-01,-4.18695032e-01,0
5.46026265e-01,1.89809491e-01,1
-4.87801865e-01,-2.62815638e-01,1
-4.42396412e-01,-2.77782861e-01,1
4.22229836e-01,-3.86406487e-01,1
1.82342122e-01,5.48211568e-01,1
5.87046336e-01,1.57972796e-01,1
-6.42863754e-01,-2.40554648e-01,1
-2.06710123e-02,-5.67959004e-01,1
-4.53261152e-01,-4.74580374e-01,1
-8.26514811e-01,3.71478843e-01,0
-8.30239288e-01,-7.00949201e-01,0
-3.83426656e-01,4.62905855e-01,1
-5.42507153e-01,8.83333811e-01,0
3.76127244e-01,3.08827001e-01,1
2.31306346e-01,7.91395628e-01,1
4.36517228e-01,-1.46583785e-01,1
-3.25061944e-01,1.00385082e+00,0
-8.28283687e-01,-5.60518514e-01,0
1.08794243e-01,4.89717676e-01,1
1.03989703e+00,3.79886831e-02,0
5.04439062e-01,-7.70233114e-03,1
-1.06026251e-01,-6.54372414e-01,1
1.81146332e-01,-8.78288599e-01,0
-3.47061540e-01,6.45028776e-01,1
-5.11156675e-01,-4.29226660e-01,1
3.56819130e-01,-5.11379344e-01,1
-4.87090017e-01,-2.84230969e-01,1
-4.91206332e-01,-1.66809290e-01,1
-8.70921511e-01,3.33495701e-01,0
5.93340745e-01,5.15655824e-01,0
4.83985745e-01,3.16950655e-01,1
-1.78322889e-02,6.89389900e-01,1
-3.65086036e-01,3.77142780e-01,1
-7.86234326e-01,4.45784755e-01,0
-6.05149853e-01,1.34401823e-01,1
-3.68118298e-01,-4.78500248e-01,1
-7.39878736e-01,3.56670758e-01,1
6.65268804e-03,6.44725069e-01,1
4.56835235e-01,-1.66707948e-01,1
3.96663315e-01,4.35312116e-01,1
7.93923865e-01,-4.35517204e-01,0
-6.48414439e-01,-6.92621201e-01,0
3.54496898e-01,-4.32892194e-01,1
6.40099249e-01,4.33168521e-02,1
-3.44157575e-01,9.52019866e-01,0
5.85825651e-01,1.26406639e-01,1
-3.28173752e-01,-7.67102126e-01,0
9.76656646e-01,3.47661063e-01,0
5.63039214e-01,7.83419133e-01,0
5.07317674e-02,-1.03687982e+00,0
3.10682084e-01,5.18386094e-01,1
5.33823355e-01,3.44739174e-01,1
2.96736583e-02,-9.82648371e-01,0
7.97386831e-01,-5.68159593e-01,0
2.70603170e-01,5.94052866e-01,1
-9.21554352e-01,-3.36714761e-01,0
-1.00765602e+00,-9.56036791e-02,0
-2.47509578e-01,-9.04696079e-01,0
6.18519758e-01,1.79742460e-01,1
-2.13382582e-01,-1.01043864e+00,0
-4.43450324e-01,1.31303145e-01,1
-4.26181805e-01,4.48413547e-01,1
-3.92850764e-01,-4.32967445e-01,1
1.12928711e-01,-7.45996807e-01,1
-1.07931823e+00,1.71619808e-01,0
6.77291530e-01,7.10391939e-01,0
4.76773630e-01,1.21801737e-01,1
9.00228885e-01,3.00185341e-01,0
-4.12965778e-01,5.40852457e-01,1
-1.17385070e+00,1.57473179e-01,0
3.57394730e-01,-4.29270051e-01,1
3.26443720e-01,4.23696137e-01,1
3.13985592e-01,5.19627626e-01,1
-1.01138708e+00,-5.17905315e-01,0
4.21964790e-01,-2.03172924e-01,1
1.01678001e+00,1.15518292e-02,0
6.19873183e-01,-1.40187441e-01,1
6.38990167e-01,3.60814580e-01,1
1.30916591e-01,-5.56618999e-01,1
8.03278162e-01,3.98782548e-03,0
9.61876748e-01,-5.05204755e-01,0
-3.16369965e-01,4.98323523e-01,1
-1.01806847e+00,-2.84554369e-01,0
5.98160885e-01,-8.30592914e-02,1
2.08172176e-01,-3.81649745e-01,1
-3.38888915e-01,-3.59736830e-01,1
5.72502570e-01,-6.41750361e-02,1
-4.13169854e-01,-1.55096897e-01,1
-6.37270997e-01,-6.15129106e-01,0
-1.07153974e+00,1.89476534e-01,0
-2.27975215e-01,5.30837928e-01,1
-2.53187125e-01,-6.06735331e-01,1
2.46222955e-01,5.24423952e-01,1
-9.32756350e-01,4.81273954e-01,0
-7.13441372e-01,2.62086372e-02,1
2.16585210e-01,-5.67015795e-01,1
-6.34320985e-01,7.55728678e-01,0
3.04738924e-01,6.88290221e-01,1
4.86961872e-01,4.47869784e-01,1
5.55983139e-01,9.02711079e-02,1
-6.07677402e-01,-5.14427932e-01,1
9.84096479e-01,-1.95109024e-01,0
-2.06982212e-01,1.07360212e+00,0
-1.02237333e+00,-2.24403439e-01,0
4.78583465e-01,4.75472524e-01,1
5.49313084e-01,-4.02262653e-02,1
6.40328103e-01,2.51900043e-01,1
-7.41428752e-01,6.08716257e-01,0
2.35806556e-01,-5.09809738e-01,1
5.15677846e-01,8.90336860e-01,0
8.08788493e-01,8.50887606e-01,0
3.58860841e-01,1.42595586e-01,1
-2.20194645e-02,9.95494141e-01,0
-3.71175790e-01,5.08404064e-01,1
1.10877625e+00,1.56508635e-01,0
-8.05796781e-02,-6.84853148e-01,1
6.79924405e-01,-1.02368339e+00,0
2.67126163e-01,-4.19533548e-01,1
-1.33139312e-01,-4.21551955e-01,1
-6.85125496e-01,-9.56067312e-01,0
2.19391301e-01,-5.59499311e-01,1
3.48043535e-01,-5.25981356e-01,1
6.65434976e-01,-5.59110546e-01,0
5.04710892e-03,-1.02681825e+00,0
-6.74308397e-02,1.08634812e+00,0
1.46926158e-01,5.93922554e-01,1
2.86370563e-01,-3.84781862e-01,1
-5.60564115e-01,7.84942339e-01,0
-3.28220447e-01,4.72778631e-01,1
-1.07978083e+00,-4.16584078e-01,0
4.72365080e-01,1.08529586e+00,0
9.38176214e-01,3.09732516e-01,0
2.75918275e-01,-5.40582713e-01,1
5.37287659e-01,-2.70875325e-01,1
3.19428114e-01,-1.02556665e+00,0
-3.44753295e-01,2.62823382e-01,1
-3.78927159e-01,5.54066404e-01,1
1.26023760e-01,-7.40892158e-01,1
1.81199115e-01,8.38461710e-01,0
9.32117759e-01,-4.90073868e-01,0
-9.93264987e-01,8.51590918e-02,0
-5.59774863e-01,-4.48989975e-01,1
9.47793821e-01,5.71464204e-01,0
-8.22873284e-01,-7.24814538e-01,0
6.54644369e-01,2.87899924e-01,1
5.02746897e-01,-5.11497412e-01,1
5.90094386e-01,1.28777664e-01,1
-4.95168743e-01,5.43838162e-02,1
4.74455769e-01,-8.36344104e-01,0
7.51498638e-01,5.81366393e-01,0
-6.46674804e-01,7.36304173e-01,0
1.15416687e-01,1.04044406e+00,0
9.50308807e-01,6.78039704e-02,0
-5.76051616e-01,-9.01228556e-01,0
3.94331856e-01,1.00120921e+00,0
-8.94590885e-01,8.59531775e-02,0
-9.65465145e-02,-9.32434887e-01,0
4.80206738e-01,-5.34860208e-01,1
1.09457734e+00,3.49278047e-01,0
3.60275076e-01,3.42598625e-01,1
-3.47689840e-01,5.85119450e-01,1
4.75345647e-01,9.22142032e-01,0
3.12620675e-01,6.59401663e-01,1
-8.12120875e-01,-8.55376323e-02,0
-8.17316171e-02,-1.23708623e+00,0
-2.74334089e-01,5.91465005e-01,1
9.93251536e-02,9.52302542e-01,0
-1.14382944e-01,-9.90930633e-01,0
-9.72337130e-01,2.44407762e-01,0
3.14362832e-02,-6.42020696e-01,1
1.58119856e-01,5.82031224e-01,1
-7.83716665e-01,4.40200161e-01,0
-4.37209231e-01,1.83765853e-01,1
-1.03443148e+00,1.49049682e-01,0
-3.49892715e-01,4.78823487e-01,1
-8.86712796e-01,7.77892286e-02,1
1.75598976e-01,-1.02335894e+00,0
8.82808583e-01,-1.09988778e-01,0
-4.06275798e-01,-7.32615453e-01,0
-3.66852421e-01,-4.76634575e-01,1
2.81925525e-01,3.52304095e-01,1
-5.61227885e-01,7.78549052e-01,0
-4.88456837e-01,4.75636527e-01,1
1.53698898e-01,5.19848672e-01,1
-1.15661568e-02,7.27439316e-01,1
8.02613237e-03,1.10261673e+00,0
6.42442489e-01,-1.23666610e-01,1
-1.28205383e-01,-6.04658196e-01,1
-6.22107203e-01,-7.76539894e-01,0
2.14557673e-01,-6.73583833e-01,1
5.94289007e-01,-2.69926659e-01,1
6.31514340e-01,-7.18879553e-01,0
-7.39074730e-01,4.31332711e-02,1
-1.47737241e-01,-5.01923617e-01,1
2.61947290e-01,9.35038915e-01,0
5.96743630e-01,-3.14762638e-01,1
-2.93910890e-01,5.19987633e-01,1
4.59341991e-03,5.91177348e-01,1
-5.79304525e-01,1.58472271e-01,1
6.66285770e-01,-6.91742689e-02,1
-2.18615437e-01,7.89321914e-01,0
3.57208253e-01,-9.16049316e-01,0
7.39895239e-01,-5.50937290e-01,0
5.96609192e-01,-6.90051622e-01,0
2.04601475e-01,9.72192719e-01,0
4.76991972e-01,4.05174522e-02,1
-5.86974053e-01,-1.31470804e-01,1
1.08235295e+00,3.88678875e-02,0
5.38984769e-01,2.02745488e-01,1
-6.07888694e-01,-3.27867544e-02,1
-3.72729856e-02,-6.81950248e-01,1
7.07262586e-01,-6.56433272e-01,0
5.30405450e-01,9.18060436e-02,1
6.68740866e-01,-1.49448925e-01,1
-9.50527269e-01,-3.06057590e-02,0
-2.50897130e-03,5.51291527e-01,1
-1.04065106e+00,4.54601863e-01,0
-4.19021265e-01,-2.90900250e-01,1
8.06308107e-01,-4.03497340e-01,0
-4.21106679e-02,-4.46276031e-01,1
-7.23833108e-01,3.14123647e-01,1
-4.13740897e-01,4.92050836e-01,1
1.07087667e+00,-4.57823708e-01,0
2.53759824e-01,-1.04175622e+00,0
-1.81023832e-01,5.41523380e-01,1
1.45912048e-01,-4.78104226e-01,1
-8.16696483e-01,-6.84465542e-01,0
1.09739579e-01,-5.97071574e-01,1
-8.90175928e-01,-5.60964770e-01,0
-1.07559256e-01,3.74594874e-01,1
4.51794848e-01,5.75626104e-01,1
8.89646204e-01,-8.24489075e-01,0
-4.43435628e-01,4.69781934e-01,1
4.60797317e-01,-9.47183366e-01,0
6.10823715e-01,-2.78590382e-01,1
1.72631784e-01,9.07783902e-01,0
2.43737293e-01,7.81086666e-01,0
2.04993303e-01,5.19385719e-01,1
6.54972904e-01,4.10973522e-02,1
-3.91902285e-01,1.03773763e+00,0
6.82390515e-01,-7.46667800e-01,0
8.46380454e-01,-2.53215458e-01,0
-4.14201094e-01,8.31341637e-01,0
5.59193231e-01,-3.65889031e-01,1
-1.03052292e+00,4.49057849e-01,0
1.18604094e-01,-5.53107101e-01,1
4.46157424e-01,-2.47502580e-01,1
1.11690871e+00,-1.45634989e-01,0
8.90119263e-01,-4.25294708e-01,0
6.93759164e-01,-7.07316801e-01,0
-4.93664919e-01,-9.59894429e-01,0
9.89194573e-01,-8.43309479e-02,0
8.92353383e-01,4.62008994e-01,0
7.00314884e-01,-2.56186984e-01,1
-2.55403835e-01,-4.42307295e-01,1
-4.82960947e-01,3.68437132e-01,1
-5.46037428e-01,-3.30896229e-01,1
6.12291364e-01,1.65009587e-01,1
1.87171223e-01,-9.78573328e-01,0
1.14193708e+00,2.02685866e-02,0
6.00142907e-01,-3.50562128e-01,1
5.79304265e-01,-4.16052171e-01,1
-3.60541668e-02,-5.55976667e-01,1
-1.86884541e-02,5.23088145e-01,1
-2.16001630e-01,4.95793676e-01,1
-5.03653516e-01,2.98180634e-01,1
-5.77737783e-01,6.03641549e-01,0
2.83940077e-01,-1.00908905e+00,0
-5.38839323e-01,2.09475021e-01,1
-3.26705628e-02,1.06421104e+00,0
-4.19159844e-01,-3.56828666e-01,1
-5.23924011e-01,-8.96258481e-01,0
-8.98270582e-01,-6.05529453e-01,0
-6.09165161e-01,-3.81007818e-01,1
-1.02933032e+00,-3.06551611e-01,0
-1.31188912e-01,-3.13114186e-01,1
6.31712878e-01,5.65337539e-01,0
3.45634454e-01,-2.59472411e-01,1
-3.16985405e-02,5.67601218e-01,1
-5.07970362e-01,-7.21881195e-01,0
-6.53215938e-01,1.45626152e-02,1
3.08065560e-01,5.11526024e-01,1
6.75024116e-01,-2.70297289e-01,1
-4.21183160e-01,7.88684045e-01,0
4.22711899e-01,1.93959046e-01,1
-3.37807914e-01,-4.86509462e-01,1
-2.24589525e-01,8.81533625e-01,0
6.43901082e-01,3.07776466e-01,1
9.51157890e-01,5.95291068e-01,0
-4.86399842e-01,1.37895580e-01,1
-4.17480883e-01,-9.92049910e-01,0
3.72087807e-01,7.97222822e-01,0
6.45385811e-01,-2.61325377e-01,1
1.10581328e+00,7.66455501e-02,0
-2.56341532e-01,-5.85904329e-01,1
-1.90173934e-01,-6.32956733e-01,1
-2.48600534e-01,-5.29899310e-01,1
6.42438476e-02,1.11048316e+00,0
8.82644113e-01,-3.96248752e-01,0
-2.25762693e-01,4.86012653e-01,1
-2.59820073e-01,9.42203042e-01,0
4.08599784e-01,4.65450801e-01,1
3.32254583e-01,1.05373958e+00,0
9.49419426e-01,6.23244517e-03,0
7.46247886e-01,-6.51773080e-01,0
5.01449658e-01,5.02743459e-02,1
5.94153985e-01,9.40364196e-01,0
1.04821861e+00,1.35878065e-01,0
2.81461975e-01,4.39806502e-01,1
-4.35407754e-01,3.81488410e-01,1
-2.08141744e-02,-5.50606652e-01,1
4.87107520e-01,3.56223309e-01,1
-2.48218063e-01,7.00279249e-01,1
-5.79954563e-01,-7.79331898e-01,0
-2.27826909e-01,-6.24342828e-01,1
8.20918044e-01,3.72226472e-01,0
-6.81963694e-01,2.76646657e-02,1
4.40312088e-02,5.67512527e-01,1
1.23552832e+00,-2.01207704e-01,0
4.01763496e-01,-4.65317162e-01,1
-5.17281447e-01,9.90361326e-01,0
-9.53593769e-01,2.76701627e-01,0
-5.43185427e-01,-6.29303927e-01,0
-4.26609807e-01,3.12550083e-01,1
-1.41980443e-01,6.06137078e-01,1
3.14789784e-01,-4.91831208e-01,1
-1.00808978e+00,-5.07663315e-03,0
3.81274455e-01,-1.02665233e+00,0
4.98799532e-01,-3.57484984e-01,1
-5.90290928e-01,-5.69205559e-01,0
2.82993826e-01,7.85599579e-01,0
-2.87094328e-01,-4.43097909e-01,1
-1.03881038e+00,-6.70711596e-02,0
-3.52017901e-01,5.58291972e-01,1
1.78088467e-01,7.39817643e-01,0
-8.88335849e-01,-2.03133676e-01,0
-5.08877585e-01,-2.15826478e-01,1
-4.67089640e-01,-2.70699937e-02,1
-1.24837938e-01,-1.07139027e+00,0
1.50233686e-01,-6.83382027e-01,1
9.26451669e-01,-3.87601561e-01,0
5.43475039e-01,1.04328188e+00,0
5.83926209e-01,-4.30882353e-01,1
-5.68434147e-01,2.47805464e-02,1
-8.95628019e-01,-4.63217270e-01,0
7.72327432e-02,-9.51331419e-01,0
-4.85410565e-02,9.08716416e-01,0
3.16939570e-01,-9.70998692e-01,0
9.89311030e-01,-7.58286375e-02,0
-1.24246373e-01,1.00759000e+00,0
3.34256231e-01,8.05737260e-01,0
-5.81161778e-01,-8.88681633e-02,1
-5.12107386e-01,1.81292840e-01,1
-5.18762997e-01,-2.11229722e-01,1
-4.47066459e-01,-2.60755763e-01,1
4.23453469e-01,9.69990760e-01,0
5.13886442e-02,7.43734023e-01,1
-4.56466699e-01,5.59442153e-01,1
-7.18808927e-01,-1.20854470e-01,1
-2.88936922e-01,5.81294477e-01,1
-4.50723490e-01,-1.18100646e-01,1
6.70715824e-02,6.53752706e-01,1
1.42194890e-01,-4.07533429e-01,1
-4.68131694e-01,-4.67667405e-01,1
2.17147910e-01,6.29000219e-01,1
4.55938797e-01,-6.71528706e-01,0
2.99025893e-01,3.44501072e-01,1
3.70035580e-01,-5.72224514e-01,1
-4.50120497e-01,-3.19906334e-01,1
-4.71994791e-01,2.37199365e-01,1
-6.16010158e-01,1.07456733e-01,1
3.62563172e-01,8.49463525e-01,0
2.90680494e-01,-7.79042664e-01,0
9.13714920e-01,3.23411191e-01,0
-9.35670788e-01,5.23773697e-01,0
-6.27719827e-01,1.37741888e-01,1
-5.60025981e-01,-7.97860973e-01,0
3.78542762e-01,3.18761721e-01,1
-4.87088857e-01,-2.21026559e-01,1
-6.36696215e-01,4.82228248e-01,1
-3.89059116e-01,8.76184245e-01,0
-8.93822389e-01,-4.58093793e-01,0
7.97327598e-01,6.81976742e-01,0
8.56139842e-01,6.99227596e-01,0
-8.38110814e-01,-6.18766823e-01,0
-1.05644378e+00,-1.25852377e-01,0
5.69072970e-01,-1.00230472e-01,1
8.97613944e-01,-5.71233238e-01,0
6.59829366e-01,-7.41776961e-01,0
-2.16330563e-01,1.02480287e+00,0
3.91196786e-01,9.32309104e-01,0
-4.94170846e-02,4.02251906e-01,1
9.14980725e-01,-3.16125125e-01,0
-5.82682175e-02,-1.03293196e+00,0
-4.71849717e-01,7.47250796e-01,0
5.87588174e-01,-2.09533682e-01,1
-1.57566612e-01,-8.76824012e-01,0
7.50195695e-01,6.37359624e-01,0
3.60245598e-01,-3.88589109e-01,1
8.54080078e-01,6.48928276e-01,0
6.29568126e-01,-2.77443155e-01,1
4.41206520e-01,-8.92759713e-01,0
4.41015623e-01,-1.74715616e-01,1
1.22321192e+00,2.41165114e-01,0
7.46728953e-01,-7.16702766e-01,0
-6.11109755e-01,6.93124161e-01,0
7.75000039e-01,5.95100388e-01,0
5.31053419e-01,4.25087899e-01,1
4.95544357e-01,-3.38296009e-01,1
6.56089520e-01,-8.58525001e-01,0
5.06480765e-01,1.26730885e-01,1
-1.02449287e-02,-8.25366787e-01,0
2.37935038e-01,-3.74698709e-01,1
-7.27530209e-01,3.05908947e-01,1
-8.31701448e-01,-6.58075173e-01,0
3.73088422e-01,1.00831101e+00,0
-5.66440131e-01,2.23166545e-01,1
-5.45749512e-02,-4.92083561e-01,1
-4.01977266e-01,4.69236988e-01,1
4.39662808e-01,-7.72353917e-01,0
-1.06439152e+00,-1.15248304e-01,0
5.78640758e-01,2.25339769e-01,1
1.44879612e-01,5.00387342e-01,1
1.84224019e-01,-8.90511064e-01,0
-3.54878382e-01,1.01519057e+00,0
8.21091338e-02,4.32542964e-01,1
-9.33347072e-01,5.13493066e-01,0
5.35900622e-01,-8.95059104e-01,0
-6.11482038e-01,-8.08215820e-01,0
-2.31892535e-01,-5.43732578e-01,1
-9.05528952e-01,-5.20931613e-03,0
5.07395787e-01,8.34288562e-02,1
3.34824542e-01,3.90430405e-01,1
4.08834886e-01,4.83008717e-01,1
3.77912695e-01,4.09550805e-01,1
-2.59046301e-02,1.14351792e+00,0
9.91404632e-01,2.92223042e-01,0
3.28149744e-01,4.13323216e-01,1
-5.35958621e-01,-2.87221596e-01,1
7.55912472e-01,-6.23606673e-01,0
1.07584637e+00,-2.62430225e-01,0
6.40344480e-01,-1.11894073e-01,1
1.11698784e-01,9.55001196e-01,0
5.67302290e-01,3.00979367e-01,1
-1.96993589e-01,4.64256075e-01,1
1.52075336e-01,-5.32309857e-01,1
-9.90329176e-01,2.74176428e-01,0
-7.23291471e-01,-6.50397721e-01,0
-4.96670950e-01,3.18916282e-01,1
9.65961692e-01,-1.43711828e-01,0
-3.14396871e-01,5.80983204e-01,1
6.34033323e-01,-3.20336057e-01,1
4.82533040e-02,-9.03185499e-01,0
2.57125571e-01,9.90314076e-01,0
-8.02910275e-01,-5.73242406e-01,0
3.81553000e-01,9.23131711e-01,0
-5.45702547e-01,4.89322638e-01,1
9.12052723e-02,-8.24065967e-01,0
7.41418121e-01,-7.74608828e-01,0
4.59524123e-01,-7.88184662e-01,0
-7.64435785e-01,7.40779929e-01,0
-5.70959379e-01,9.04286533e-01,0
8.56642120e-01,5.12986175e-01,0
-9.77812126e-01,8.45080452e-02,0
6.75200125e-01,-3.36103682e-01,1
-2.39337092e-01,-8.84883060e-01,0
-8.49934010e-01,-3.38930203e-01,0
-1.08742653e+00,1.84040336e-01,0
-9.58439235e-01,-2.97758789e-01,0
-7.27004056e-01,5.93506282e-01,0
8.56917094e-01,4.61701835e-01,0
-2.32158453e-01,-4.68249587e-01,1
8.64537007e-01,2.74461564e-01,0
7.93996945e-01,-6.34463328e-01,0
-2.33946975e-01,-8.74621653e-01,0
6.93542377e-01,-3.46577862e-02,1
-3.49298100e-01,-9.57086150e-01,0
8.61692293e-01,-4.02437489e-01,0
